timestamp,river_name,water_height_cm,water_flow_m3s,rainfall_mm,flood_status,flood_level,temperature_c,humidity_pct
2024-01-01,Sungai_Bajulmati,181.16166666666666,63.444208333333336,91.3,BANJIR,TINGGI,27.933333333333334,74.48333333333333
2024-01-01,Sungai_Kalibendo,213.96,80.362375,39.1,BANJIR,TINGGI,27.795833333333334,72.075
2024-01-01,Sungai_Setail,205.02541666666664,75.59141666666666,102.9,WASPADA,SEDANG,27.808333333333334,75.50416666666666
2024-01-01,Sungai_Sukowidi,215.51041666666666,81.104375,57.800000000000004,WASPADA,SEDANG,28.4375,75.075
2024-01-01,Sungai_Sumberagung,166.49541666666667,57.583,96.1,AMAN,RENDAH,27.554166666666664,73.075
2024-01-01,Sungai_Watugede,200.02583333333334,72.98125,67.0,BANJIR,TINGGI,27.974999999999998,74.95
2024-01-02,Sungai_Bajulmati,187.51250000000002,66.59125,66.3,BANJIR,TINGGI,28.066666666666666,73.875
2024-01-02,Sungai_Kalibendo,208.72041666666667,78.37404166666667,112.1,BANJIR,TINGGI,27.691666666666666,75.36666666666666
2024-01-02,Sungai_Setail,191.12249999999997,68.612125,88.5,BANJIR,TINGGI,27.708333333333332,74.44583333333334
2024-01-02,Sungai_Sukowidi,217.09333333333333,82.08804166666667,105.5,BANJIR,TINGGI,27.208333333333332,74.875
2024-01-02,Sungai_Sumberagung,170.85833333333335,57.930958333333336,100.9,WASPADA,SEDANG,28.233333333333334,75.45
2024-01-02,Sungai_Watugede,200.59916666666666,73.18029166666666,63.800000000000004,WASPADA,SEDANG,28.0,72.32083333333334
2024-01-03,Sungai_Bajulmati,185.98666666666668,65.55675000000001,77.0,BANJIR,TINGGI,27.575,74.53750000000001
2024-01-03,Sungai_Kalibendo,197.8970833333333,71.95070833333334,73.2,WASPADA,SEDANG,27.704166666666666,73.61666666666666
2024-01-03,Sungai_Setail,181.67,64.05729166666667,93.0,WASPADA,SEDANG,27.5125,74.87083333333334
2024-01-03,Sungai_Sukowidi,208.08833333333334,77.48983333333334,72.5,BANJIR,TINGGI,27.570833333333336,75.05833333333334
2024-01-03,Sungai_Sumberagung,178.73625,62.092999999999996,41.7,WASPADA,SEDANG,27.72083333333333,73.31666666666666
2024-01-03,Sungai_Watugede,212.87958333333333,79.86991666666667,49.9,BANJIR,TINGGI,27.9875,74.14166666666667
2024-01-04,Sungai_Bajulmati,185.41666666666666,65.25883333333333,62.6,WASPADA,SEDANG,28.175,74.55
2024-01-04,Sungai_Kalibendo,200.22416666666666,73.33595833333334,89.0,BANJIR,TINGGI,28.054166666666664,72.75416666666666
2024-01-04,Sungai_Setail,198.02333333333334,71.8065,67.7,BANJIR,TINGGI,27.608333333333334,75.22500000000001
2024-01-04,Sungai_Sukowidi,207.0875,77.38129166666667,95.5,BANJIR,TINGGI,27.72083333333333,74.92083333333333
2024-01-04,Sungai_Sumberagung,190.85583333333332,68.40658333333333,68.4,BANJIR,TINGGI,27.825,74.46666666666667
2024-01-04,Sungai_Watugede,194.62458333333333,70.01054166666667,47.4,BANJIR,TINGGI,27.995833333333334,75.40833333333333
2024-01-05,Sungai_Bajulmati,181.7775,63.757000000000005,116.5,BANJIR,TINGGI,27.7,73.88333333333334
2024-01-05,Sungai_Kalibendo,202.08583333333334,74.13645833333334,88.4,BANJIR,TINGGI,27.995833333333334,74.82083333333334
2024-01-05,Sungai_Setail,192.2591666666667,69.012375,64.4,BANJIR,TINGGI,27.349999999999998,74.34166666666667
2024-01-05,Sungai_Sukowidi,223.96416666666667,85.81741666666666,53.6,BANJIR,TINGGI,27.53333333333333,72.85416666666667
2024-01-05,Sungai_Sumberagung,179.9,62.630583333333334,76.39999999999999,AMAN,RENDAH,27.912499999999998,74.2
2024-01-05,Sungai_Watugede,210.71208333333334,78.61858333333333,69.2,BANJIR,TINGGI,28.3125,72.47083333333333
2024-01-06,Sungai_Bajulmati,176.64166666666665,60.89695833333334,128.0,BANJIR,TINGGI,27.579166666666666,75.55416666666666
2024-01-06,Sungai_Kalibendo,204.52125,75.68691666666668,63.2,WASPADA,SEDANG,27.445833333333336,72.80833333333334
2024-01-06,Sungai_Setail,207.09416666666667,77.16225,75.60000000000001,BANJIR,TINGGI,27.78333333333333,76.44166666666668
2024-01-06,Sungai_Sukowidi,219.25249999999997,83.44129166666666,56.8,BANJIR,TINGGI,27.954166666666666,72.81666666666666
2024-01-06,Sungai_Sumberagung,170.89416666666668,58.11304166666667,75.9,BANJIR,TINGGI,27.879166666666666,72.02083333333333
2024-01-06,Sungai_Watugede,201.82708333333335,74.61512499999999,97.7,BANJIR,TINGGI,27.875,75.51666666666667
2024-01-07,Sungai_Bajulmati,184.32791666666665,64.66329166666667,56.5,WASPADA,SEDANG,27.8125,73.14166666666667
2024-01-07,Sungai_Kalibendo,192.00041666666667,69.72854166666666,117.1,BANJIR,TINGGI,27.829166666666666,75.01666666666667
2024-01-07,Sungai_Setail,179.85041666666666,63.06783333333333,73.5,WASPADA,SEDANG,27.7625,72.62083333333334
2024-01-07,Sungai_Sukowidi,213.31583333333333,80.24425000000001,72.3,BANJIR,TINGGI,28.058333333333334,74.18333333333334
2024-01-07,Sungai_Sumberagung,154.11416666666665,49.98654166666666,101.0,WASPADA,SEDANG,27.95,75.27083333333333
2024-01-07,Sungai_Watugede,195.3125,70.53895833333333,64.1,BANJIR,TINGGI,27.72083333333333,73.85416666666667
2024-01-08,Sungai_Bajulmati,187.02666666666667,66.27133333333333,46.5,AMAN,RENDAH,27.925,74.14166666666667
2024-01-08,Sungai_Kalibendo,209.3708333333333,78.178875,75.6,BANJIR,TINGGI,28.058333333333334,76.40416666666667
2024-01-08,Sungai_Setail,201.31500000000003,73.714125,43.9,BANJIR,TINGGI,27.775000000000002,74.09583333333333
2024-01-08,Sungai_Sukowidi,216.96791666666664,82.04383333333334,59.4,WASPADA,SEDANG,27.566666666666666,75.60000000000001
2024-01-08,Sungai_Sumberagung,171.415,58.22666666666667,72.89999999999999,AMAN,RENDAH,28.104166666666668,73.625
2024-01-08,Sungai_Watugede,195.74791666666667,71.21583333333334,117.89999999999999,BANJIR,TINGGI,27.71666666666667,75.46666666666667
2024-01-09,Sungai_Bajulmati,182.96541666666667,64.18025,60.4,AMAN,RENDAH,27.8875,73.10833333333333
2024-01-09,Sungai_Kalibendo,205.735,76.09579166666667,59.9,BANJIR,TINGGI,27.933333333333334,73.71666666666667
2024-01-09,Sungai_Setail,193.89666666666668,69.53337499999999,59.900000000000006,BANJIR,TINGGI,27.833333333333332,73.425
2024-01-09,Sungai_Sukowidi,202.50291666666666,74.72129166666666,106.89999999999999,AMAN,RENDAH,27.7625,75.02916666666667
2024-01-09,Sungai_Sumberagung,173.11249999999998,60.288333333333334,73.8,BANJIR,TINGGI,27.875,73.9375
2024-01-09,Sungai_Watugede,204.06458333333333,75.34870833333333,116.0,BANJIR,TINGGI,27.991666666666664,75.08749999999999
2024-01-10,Sungai_Bajulmati,189.84583333333333,67.69775,70.3,WASPADA,SEDANG,27.587500000000002,75.325
2024-01-10,Sungai_Kalibendo,210.74916666666664,78.93045833333333,98.2,BANJIR,TINGGI,28.0125,74.71666666666667
2024-01-10,Sungai_Setail,190.09875,68.11158333333334,93.8,AMAN,RENDAH,27.4375,74.22500000000001
2024-01-10,Sungai_Sukowidi,212.85041666666666,80.05787500000001,80.1,BANJIR,TINGGI,27.8,73.45
2024-01-10,Sungai_Sumberagung,171.49625,59.690125,106.5,WASPADA,SEDANG,27.458333333333332,73.18333333333334
2024-01-10,Sungai_Watugede,189.22333333333333,67.41983333333333,85.7,BANJIR,TINGGI,27.7,72.8875
2024-01-11,Sungai_Bajulmati,171.23874999999998,58.75383333333334,115.7,BANJIR,TINGGI,27.929166666666664,73.91250000000001
2024-01-11,Sungai_Kalibendo,209.44958333333332,77.84008333333334,63.0,WASPADA,SEDANG,27.9375,74.10000000000001
2024-01-11,Sungai_Setail,204.74791666666667,75.547625,66.1,WASPADA,SEDANG,28.208333333333332,73.09166666666667
2024-01-11,Sungai_Sukowidi,208.1341666666667,77.32054166666667,88.4,WASPADA,SEDANG,27.383333333333336,76.38333333333334
2024-01-11,Sungai_Sumberagung,168.60541666666668,57.726124999999996,80.7,WASPADA,SEDANG,27.900000000000002,72.79166666666667
2024-01-11,Sungai_Watugede,205.82708333333335,76.09775,73.4,BANJIR,TINGGI,27.7625,74.75833333333334
2024-01-12,Sungai_Bajulmati,194.44583333333333,70.44924999999999,90.2,WASPADA,SEDANG,27.575,74.45416666666667
2024-01-12,Sungai_Kalibendo,211.78666666666666,79.04733333333333,77.1,WASPADA,SEDANG,27.791666666666668,75.33749999999999
2024-01-12,Sungai_Setail,194.02833333333334,69.89366666666668,93.4,BANJIR,TINGGI,27.675,75.28333333333333
2024-01-12,Sungai_Sukowidi,215.81416666666667,81.51216666666666,106.6,WASPADA,SEDANG,27.97083333333333,73.85416666666667
2024-01-12,Sungai_Sumberagung,178.52541666666664,62.05533333333333,107.3,BANJIR,TINGGI,27.870833333333334,75.46249999999999
2024-01-12,Sungai_Watugede,195.5929166666667,70.86554166666666,84.3,AMAN,RENDAH,27.84583333333333,74.57083333333334
2024-01-13,Sungai_Bajulmati,180.04166666666666,62.81466666666666,113.6,WASPADA,SEDANG,27.9875,75.37916666666666
2024-01-13,Sungai_Kalibendo,208.21124999999998,77.36470833333333,87.3,WASPADA,SEDANG,27.90416666666667,72.92083333333333
2024-01-13,Sungai_Setail,199.68041666666667,72.83575,75.8,BANJIR,TINGGI,27.90833333333333,72.44583333333334
2024-01-13,Sungai_Sukowidi,224.34708333333333,86.00583333333333,41.5,BANJIR,TINGGI,28.258333333333336,72.47916666666667
2024-01-13,Sungai_Sumberagung,164.66333333333333,54.872875,97.7,WASPADA,SEDANG,28.141666666666666,75.46249999999999
2024-01-13,Sungai_Watugede,202.60208333333333,74.814125,78.1,BANJIR,TINGGI,27.995833333333334,74.70833333333333
2024-01-14,Sungai_Bajulmati,173.16,59.81333333333333,120.8,WASPADA,SEDANG,27.745833333333334,75.01666666666667
2024-01-14,Sungai_Kalibendo,200.6625,73.16033333333333,54.4,BANJIR,TINGGI,27.629166666666666,74.47500000000001
2024-01-14,Sungai_Setail,196.04666666666665,70.986,71.9,BANJIR,TINGGI,27.525000000000002,74.00416666666666
2024-01-14,Sungai_Sukowidi,212.06875,79.4645,76.9,BANJIR,TINGGI,27.537499999999998,73.45833333333333
2024-01-14,Sungai_Sumberagung,173.71875,59.790375000000004,150.9,WASPADA,SEDANG,27.849999999999998,77.35416666666667
2024-01-14,Sungai_Watugede,206.88625000000002,76.63562499999999,86.7,WASPADA,SEDANG,27.854166666666668,75.31666666666666
2024-01-15,Sungai_Bajulmati,180.12625,62.827875,91.9,WASPADA,SEDANG,27.916666666666668,74.67916666666666
2024-01-15,Sungai_Kalibendo,202.75333333333333,74.95708333333333,67.6,WASPADA,SEDANG,27.8625,75.33749999999999
2024-01-15,Sungai_Setail,194.98749999999998,70.56554166666668,101.3,BANJIR,TINGGI,28.058333333333334,74.64166666666667
2024-01-15,Sungai_Sukowidi,216.55499999999998,82.23625,72.0,BANJIR,TINGGI,27.775000000000002,73.875
2024-01-15,Sungai_Sumberagung,178.99833333333333,62.280875,77.3,BANJIR,TINGGI,28.020833333333332,73.77916666666667
2024-01-15,Sungai_Watugede,194.6029166666667,70.67966666666666,118.7,WASPADA,SEDANG,28.054166666666664,73.98333333333333
2024-01-16,Sungai_Bajulmati,192.37875,68.8565,82.6,WASPADA,SEDANG,27.416666666666668,75.0125
2024-01-16,Sungai_Kalibendo,196.4,71.2895,86.3,BANJIR,TINGGI,28.016666666666666,74.34583333333333
2024-01-16,Sungai_Setail,187.71041666666667,66.57704166666666,83.7,WASPADA,SEDANG,27.9875,73.85833333333333
2024-01-16,Sungai_Sukowidi,217.51791666666668,82.53895833333333,74.6,WASPADA,SEDANG,27.941666666666666,74.86666666666666
2024-01-16,Sungai_Sumberagung,175.54625,60.501958333333334,103.1,AMAN,RENDAH,27.541666666666668,73.41666666666667
2024-01-16,Sungai_Watugede,190.23166666666665,68.21591666666667,101.1,WASPADA,SEDANG,28.2375,74.14166666666667
2024-01-17,Sungai_Bajulmati,189.30416666666667,67.55704166666666,117.7,AMAN,RENDAH,27.733333333333334,73.84583333333333
2024-01-17,Sungai_Kalibendo,213.14,80.16025,72.3,BANJIR,TINGGI,27.587500000000002,73.4375
2024-01-17,Sungai_Setail,191.80166666666665,68.847375,85.89999999999999,WASPADA,SEDANG,27.895833333333332,73.74583333333334
2024-01-17,Sungai_Sukowidi,209.22833333333332,78.28016666666666,88.3,WASPADA,SEDANG,27.933333333333334,73.32083333333334
2024-01-17,Sungai_Sumberagung,161.40708333333333,53.29208333333333,79.9,BANJIR,TINGGI,27.741666666666664,73.5625
2024-01-17,Sungai_Watugede,205.47416666666666,76.212125,107.6,WASPADA,SEDANG,27.454166666666666,74.41250000000001
2024-01-18,Sungai_Bajulmati,197.95541666666668,72.07379166666666,90.7,WASPADA,SEDANG,27.7625,73.41250000000001
2024-01-18,Sungai_Kalibendo,199.86374999999998,73.229375,88.9,WASPADA,SEDANG,27.8875,74.59583333333333
2024-01-18,Sungai_Setail,188.5225,67.18820833333334,128.2,BANJIR,TINGGI,27.608333333333334,73.82083333333334
2024-01-18,Sungai_Sukowidi,216.15333333333334,81.61995833333333,83.2,BANJIR,TINGGI,27.72083333333333,73.40833333333333
2024-01-18,Sungai_Sumberagung,178.4958333333333,62.50220833333333,82.4,WASPADA,SEDANG,27.8125,73.52499999999999
2024-01-18,Sungai_Watugede,200.90541666666664,73.599,121.2,BANJIR,TINGGI,28.025000000000002,75.49166666666666
2024-01-19,Sungai_Bajulmati,190.72458333333336,68.17575000000001,64.2,BANJIR,TINGGI,27.958333333333332,73.75833333333334
2024-01-19,Sungai_Kalibendo,200.87583333333336,73.54941666666666,73.9,WASPADA,SEDANG,27.754166666666666,74.71666666666667
2024-01-19,Sungai_Setail,189.98083333333332,68.106125,98.6,WASPADA,SEDANG,27.670833333333334,74.0125
2024-01-19,Sungai_Sukowidi,210.76,78.69758333333333,73.4,BANJIR,TINGGI,27.974999999999998,73.82083333333334
2024-01-19,Sungai_Sumberagung,178.28875000000002,61.90995833333333,69.5,BANJIR,TINGGI,27.979166666666668,74.52499999999999
2024-01-19,Sungai_Watugede,206.11458333333334,76.67408333333333,78.6,AMAN,RENDAH,28.116666666666664,73.49583333333334
2024-01-20,Sungai_Bajulmati,174.12666666666667,59.896833333333326,86.0,WASPADA,SEDANG,27.45,74.07916666666667
2024-01-20,Sungai_Kalibendo,206.77374999999998,76.36533333333334,57.3,WASPADA,SEDANG,28.412499999999998,73.625
2024-01-20,Sungai_Setail,182.17208333333335,64.57204166666666,88.6,BANJIR,TINGGI,27.933333333333334,73.15833333333333
2024-01-20,Sungai_Sukowidi,211.59,79.22212499999999,84.39999999999999,BANJIR,TINGGI,27.804166666666664,74.92916666666666
2024-01-20,Sungai_Sumberagung,176.73041666666666,61.962375,97.9,BANJIR,TINGGI,27.75,74.8
2024-01-20,Sungai_Watugede,200.17708333333334,73.20266666666667,68.7,AMAN,RENDAH,27.837500000000002,74.00833333333334
2024-01-21,Sungai_Bajulmati,173.0845833333333,58.94983333333334,76.3,WASPADA,SEDANG,27.775000000000002,75.18333333333334
2024-01-21,Sungai_Kalibendo,202.50375,74.58645833333334,90.2,BANJIR,TINGGI,27.354166666666668,73.49166666666666
2024-01-21,Sungai_Setail,196.18583333333333,71.17770833333334,71.0,BANJIR,TINGGI,28.241666666666664,75.6375
2024-01-21,Sungai_Sukowidi,212.11875,79.47991666666667,85.6,BANJIR,TINGGI,28.133333333333336,74.62083333333334
2024-01-21,Sungai_Sumberagung,176.15125,60.768458333333335,92.2,AMAN,RENDAH,27.724999999999998,73.74583333333332
2024-01-21,Sungai_Watugede,194.255,70.93875,97.7,BANJIR,TINGGI,27.8625,75.88333333333334
2024-01-22,Sungai_Bajulmati,184.39874999999998,64.8545,63.699999999999996,WASPADA,SEDANG,28.083333333333332,74.90833333333333
2024-01-22,Sungai_Kalibendo,206.24791666666667,76.65875,88.3,WASPADA,SEDANG,27.816666666666666,74.14999999999999
2024-01-22,Sungai_Setail,203.965,75.00645833333333,55.1,BANJIR,TINGGI,27.6375,72.89583333333333
2024-01-22,Sungai_Sukowidi,211.27875000000003,79.21145833333334,71.5,AMAN,RENDAH,27.65833333333333,73.7
2024-01-22,Sungai_Sumberagung,164.22416666666666,54.83425,117.39999999999999,WASPADA,SEDANG,27.754166666666666,75.28750000000001
2024-01-22,Sungai_Watugede,207.78416666666666,77.1545,119.2,BANJIR,TINGGI,27.445833333333336,76.44583333333334
2024-01-23,Sungai_Bajulmati,183.705,65.70179166666667,135.0,BANJIR,TINGGI,27.870833333333334,74.85416666666667
2024-01-23,Sungai_Kalibendo,202.14333333333332,74.077625,73.3,BANJIR,TINGGI,27.3875,73.55
2024-01-23,Sungai_Setail,190.09,67.71995833333334,74.0,AMAN,RENDAH,28.120833333333334,73.0125
2024-01-23,Sungai_Sukowidi,217.38166666666666,82.17695833333333,35.4,BANJIR,TINGGI,28.03333333333333,74.14166666666667
2024-01-23,Sungai_Sumberagung,169.67291666666668,57.582708333333336,105.5,AMAN,RENDAH,28.108333333333334,76.1125
2024-01-23,Sungai_Watugede,205.80583333333334,75.96604166666667,78.6,WASPADA,SEDANG,27.71666666666667,73.42916666666666
2024-01-24,Sungai_Bajulmati,197.47916666666666,71.62058333333333,61.2,BANJIR,TINGGI,27.770833333333332,73.50416666666666
2024-01-24,Sungai_Kalibendo,213.32708333333335,80.02695833333333,58.0,BANJIR,TINGGI,27.891666666666666,72.79583333333333
2024-01-24,Sungai_Setail,200.97666666666666,73.65545833333333,87.4,AMAN,RENDAH,27.625,73.6375
2024-01-24,Sungai_Sukowidi,211.8479166666667,79.49895833333333,75.4,WASPADA,SEDANG,27.504166666666666,73.66250000000001
2024-01-24,Sungai_Sumberagung,170.72208333333333,58.01333333333333,90.9,BANJIR,TINGGI,27.90833333333333,74.77916666666667
2024-01-24,Sungai_Watugede,200.45375,73.15333333333334,52.2,WASPADA,SEDANG,27.670833333333334,72.9375
2024-01-25,Sungai_Bajulmati,179.99791666666667,62.54629166666667,99.1,WASPADA,SEDANG,27.4875,73.02916666666667
2024-01-25,Sungai_Kalibendo,201.28791666666666,73.58933333333333,74.5,WASPADA,SEDANG,27.766666666666666,73.22083333333333
2024-01-25,Sungai_Setail,204.725,75.39154166666667,47.3,BANJIR,TINGGI,27.650000000000002,72.96249999999999
2024-01-25,Sungai_Sukowidi,216.84041666666667,82.0085,62.099999999999994,BANJIR,TINGGI,27.900000000000002,75.75833333333334
2024-01-25,Sungai_Sumberagung,164.46625,54.93120833333333,95.8,AMAN,RENDAH,27.4375,74.07083333333334
2024-01-25,Sungai_Watugede,209.53708333333336,78.10166666666667,42.1,WASPADA,SEDANG,27.72083333333333,74.62916666666666
2024-01-26,Sungai_Bajulmati,174.98041666666666,60.36333333333334,109.60000000000001,WASPADA,SEDANG,28.224999999999998,76.58749999999999
2024-01-26,Sungai_Kalibendo,195.01041666666666,70.23083333333334,65.3,BANJIR,TINGGI,27.629166666666666,72.89583333333333
2024-01-26,Sungai_Setail,204.53125,76.21683333333333,67.4,BANJIR,TINGGI,27.816666666666666,74.35416666666667
2024-01-26,Sungai_Sukowidi,219.14874999999998,83.24125,48.0,WASPADA,SEDANG,27.787499999999998,72.83749999999999
2024-01-26,Sungai_Sumberagung,187.90125,66.62283333333333,36.0,WASPADA,SEDANG,27.995833333333334,73.76666666666667
2024-01-26,Sungai_Watugede,206.01166666666666,76.31395833333333,83.8,AMAN,RENDAH,27.420833333333334,73.3875
2024-01-27,Sungai_Bajulmati,178.50750000000002,61.79441666666667,108.5,WASPADA,SEDANG,27.858333333333334,76.37916666666666
2024-01-27,Sungai_Kalibendo,202.99749999999997,74.89270833333333,89.2,BANJIR,TINGGI,27.775000000000002,74.34583333333333
2024-01-27,Sungai_Setail,194.9,70.50508333333333,80.4,WASPADA,SEDANG,27.462500000000002,75.15
2024-01-27,Sungai_Sukowidi,214.12166666666667,80.45883333333333,63.199999999999996,BANJIR,TINGGI,27.75,74.2375
2024-01-27,Sungai_Sumberagung,170.23749999999998,58.04554166666667,128.2,AMAN,RENDAH,27.633333333333336,76.89166666666667
2024-01-27,Sungai_Watugede,189.04791666666665,67.822875,87.0,BANJIR,TINGGI,27.974999999999998,74.07083333333334
2024-01-28,Sungai_Bajulmati,185.90083333333334,65.48454166666666,64.5,AMAN,RENDAH,27.941666666666666,74.06666666666666
2024-01-28,Sungai_Kalibendo,210.97541666666666,78.8455,71.6,WASPADA,SEDANG,28.054166666666664,74.39999999999999
2024-01-28,Sungai_Setail,176.63375,61.36579166666667,98.5,BANJIR,TINGGI,27.84583333333333,74.74166666666666
2024-01-28,Sungai_Sukowidi,221.755,84.59691666666667,97.2,BANJIR,TINGGI,28.34583333333333,73.59166666666667
2024-01-28,Sungai_Sumberagung,176.90541666666664,61.45820833333334,67.6,BANJIR,TINGGI,27.53333333333333,72.425
2024-01-28,Sungai_Watugede,201.76291666666668,74.17399999999999,70.7,BANJIR,TINGGI,27.775000000000002,71.74583333333334
2024-01-29,Sungai_Bajulmati,187.16083333333333,66.59566666666667,90.7,WASPADA,SEDANG,27.979166666666668,75.48333333333333
2024-01-29,Sungai_Kalibendo,187.65458333333333,66.77499999999999,138.3,WASPADA,SEDANG,27.8625,74.90416666666667
2024-01-29,Sungai_Setail,198.01208333333332,72.13479166666666,122.6,BANJIR,TINGGI,27.883333333333336,75.6125
2024-01-29,Sungai_Sukowidi,220.23000000000002,83.73083333333334,82.7,BANJIR,TINGGI,27.825,74.71666666666667
2024-01-29,Sungai_Sumberagung,167.82,56.651041666666664,80.39999999999999,WASPADA,SEDANG,28.1375,73.7625
2024-01-29,Sungai_Watugede,187.68375,66.71383333333334,143.5,WASPADA,SEDANG,27.412499999999998,75.25833333333334
2024-01-30,Sungai_Bajulmati,186.70875,66.70483333333333,31.2,WASPADA,SEDANG,27.641666666666666,73.35416666666667
2024-01-30,Sungai_Kalibendo,193.5975,69.568625,89.0,BANJIR,TINGGI,27.829166666666666,73.7375
2024-01-30,Sungai_Setail,193.94041666666666,69.96416666666667,73.2,WASPADA,SEDANG,28.008333333333336,74.425
2024-01-30,Sungai_Sukowidi,221.72333333333333,84.78095833333333,81.7,BANJIR,TINGGI,27.90416666666667,73.625
2024-01-30,Sungai_Sumberagung,173.2095833333333,59.04829166666667,57.1,AMAN,RENDAH,27.891666666666666,75.02499999999999
2024-01-30,Sungai_Watugede,207.64083333333335,77.05375,80.2,BANJIR,TINGGI,28.125,73.58749999999999
2024-01-31,Sungai_Bajulmati,187.55958333333334,66.442875,75.9,AMAN,RENDAH,27.933333333333334,73.07083333333334
2024-01-31,Sungai_Kalibendo,196.58375,71.35179166666667,78.2,WASPADA,SEDANG,28.0625,73.35000000000001
2024-01-31,Sungai_Setail,190.02333333333334,67.96829166666667,82.0,BANJIR,TINGGI,27.6875,73.84583333333333
2024-01-31,Sungai_Sukowidi,219.58208333333334,83.55183333333333,62.9,BANJIR,TINGGI,27.775000000000002,74.24166666666666
2024-01-31,Sungai_Sumberagung,179.03416666666666,62.29383333333334,43.6,BANJIR,TINGGI,27.483333333333334,73.64999999999999
2024-01-31,Sungai_Watugede,216.63916666666668,81.88420833333333,79.7,BANJIR,TINGGI,27.96666666666667,74.42083333333333
2024-02-01,Sungai_Bajulmati,182.80791666666667,64.407125,87.7,WASPADA,SEDANG,28.308333333333334,74.64999999999999
2024-02-01,Sungai_Kalibendo,199.43375,72.600625,86.7,WASPADA,SEDANG,27.833333333333332,74.45416666666667
2024-02-01,Sungai_Setail,189.55083333333334,67.75254166666667,144.5,WASPADA,SEDANG,28.150000000000002,74.925
2024-02-01,Sungai_Sukowidi,218.95000000000002,83.244625,71.8,BANJIR,TINGGI,27.4375,74.60416666666667
2024-02-01,Sungai_Sumberagung,180.73708333333335,63.33133333333333,69.1,AMAN,RENDAH,28.099999999999998,73.02916666666667
2024-02-01,Sungai_Watugede,199.73833333333334,73.31408333333333,89.2,BANJIR,TINGGI,27.941666666666666,74.1875
2024-02-02,Sungai_Bajulmati,171.01291666666668,58.136125,68.0,WASPADA,SEDANG,27.900000000000002,75.28333333333333
2024-02-02,Sungai_Kalibendo,208.32458333333332,77.24154166666666,77.3,BANJIR,TINGGI,27.900000000000002,74.36666666666666
2024-02-02,Sungai_Setail,190.65458333333333,68.52133333333333,76.60000000000001,BANJIR,TINGGI,27.941666666666666,73.29166666666667
2024-02-02,Sungai_Sukowidi,208.79999999999998,77.92658333333334,99.1,BANJIR,TINGGI,27.820833333333336,75.03333333333333
2024-02-02,Sungai_Sumberagung,174.57416666666666,59.85391666666666,52.9,BANJIR,TINGGI,27.704166666666666,74.3125
2024-02-02,Sungai_Watugede,201.47833333333332,74.1555,73.0,BANJIR,TINGGI,27.912499999999998,75.2375
2024-02-03,Sungai_Bajulmati,184.16583333333332,64.95354166666667,106.6,WASPADA,SEDANG,27.929166666666664,74.27916666666667
2024-02-03,Sungai_Kalibendo,220.67541666666668,84.16375000000001,36.3,BANJIR,TINGGI,27.479166666666668,72.75416666666666
2024-02-03,Sungai_Setail,196.40916666666666,71.14345833333333,66.5,WASPADA,SEDANG,27.9375,75.21666666666667
2024-02-03,Sungai_Sukowidi,210.57000000000002,78.62154166666666,88.0,AMAN,RENDAH,27.733333333333334,73.57916666666667
2024-02-03,Sungai_Sumberagung,183.76166666666666,65.124375,74.7,BANJIR,TINGGI,27.8,73.77916666666667
2024-02-03,Sungai_Watugede,194.17541666666668,69.86341666666667,96.1,WASPADA,SEDANG,27.712500000000002,76.2
2024-02-04,Sungai_Bajulmati,189.66375000000002,67.780625,82.6,BANJIR,TINGGI,27.729166666666668,73.84583333333333
2024-02-04,Sungai_Kalibendo,202.03041666666664,74.577375,124.1,BANJIR,TINGGI,28.1875,75.10416666666667
2024-02-04,Sungai_Setail,190.14833333333334,67.887375,100.39999999999999,BANJIR,TINGGI,28.05,73.53750000000001
2024-02-04,Sungai_Sukowidi,208.64041666666665,77.82920833333334,72.1,BANJIR,TINGGI,27.604166666666668,74.25416666666666
2024-02-04,Sungai_Sumberagung,173.07583333333332,59.725291666666664,90.39999999999999,WASPADA,SEDANG,27.608333333333334,75.28750000000001
2024-02-04,Sungai_Watugede,200.25166666666667,73.18029166666666,50.8,WASPADA,SEDANG,27.891666666666666,74.02083333333333
2024-02-05,Sungai_Bajulmati,190.135,67.75995833333333,69.9,WASPADA,SEDANG,27.46666666666667,74.85416666666667
2024-02-05,Sungai_Kalibendo,215.12708333333333,81.49354166666667,70.3,BANJIR,TINGGI,27.724999999999998,74.5125
2024-02-05,Sungai_Setail,181.94791666666666,63.75420833333334,89.3,WASPADA,SEDANG,27.97083333333333,74.925
2024-02-05,Sungai_Sukowidi,199.77625,73.13391666666666,80.8,BANJIR,TINGGI,27.254166666666666,75.87916666666666
2024-02-05,Sungai_Sumberagung,186.76833333333332,66.30995833333334,43.5,WASPADA,SEDANG,27.97083333333333,73.14999999999999
2024-02-05,Sungai_Watugede,201.02458333333334,73.37979166666666,48.5,BANJIR,TINGGI,28.370833333333334,74.1125
2024-02-06,Sungai_Bajulmati,171.4225,58.714375,80.4,AMAN,RENDAH,27.866666666666664,73.125
2024-02-06,Sungai_Kalibendo,206.82708333333335,76.55941666666666,80.4,WASPADA,SEDANG,28.1375,72.92916666666666
2024-02-06,Sungai_Setail,192.99166666666667,69.19416666666667,70.0,WASPADA,SEDANG,27.53333333333333,73.74166666666666
2024-02-06,Sungai_Sukowidi,217.66375000000002,82.35441666666667,95.0,BANJIR,TINGGI,27.891666666666666,74.99166666666666
2024-02-06,Sungai_Sumberagung,173.17416666666668,59.978208333333335,97.5,BANJIR,TINGGI,27.6875,73.71249999999999
2024-02-06,Sungai_Watugede,204.33791666666664,75.06037500000001,58.8,WASPADA,SEDANG,27.795833333333334,72.52499999999999
2024-02-07,Sungai_Bajulmati,181.42583333333334,63.87895833333334,71.6,WASPADA,SEDANG,27.604166666666668,72.12083333333334
2024-02-07,Sungai_Kalibendo,203.77874999999997,75.303375,94.6,BANJIR,TINGGI,27.891666666666666,74.30416666666666
2024-02-07,Sungai_Setail,192.92333333333332,69.95154166666667,88.6,WASPADA,SEDANG,27.741666666666664,74.63333333333334
2024-02-07,Sungai_Sukowidi,223.40666666666667,85.512375,61.199999999999996,BANJIR,TINGGI,27.695833333333336,74.49166666666666
2024-02-07,Sungai_Sumberagung,169.83541666666667,57.94733333333334,105.2,AMAN,RENDAH,27.483333333333334,75.14166666666667
2024-02-07,Sungai_Watugede,196.90708333333336,71.73233333333333,85.3,BANJIR,TINGGI,27.666666666666668,73.72083333333333
2024-02-08,Sungai_Bajulmati,182.34416666666667,63.680625,63.199999999999996,BANJIR,TINGGI,27.670833333333334,73.17083333333333
2024-02-08,Sungai_Kalibendo,209.00875,77.781875,74.1,WASPADA,SEDANG,28.016666666666666,74.86666666666666
2024-02-08,Sungai_Setail,174.45916666666668,59.814458333333334,99.8,WASPADA,SEDANG,27.691666666666666,74.92083333333333
2024-02-08,Sungai_Sukowidi,213.46416666666667,80.17608333333334,66.3,BANJIR,TINGGI,27.941666666666666,72.83749999999999
2024-02-08,Sungai_Sumberagung,170.8445833333333,58.29675,63.8,WASPADA,SEDANG,27.962500000000002,73.80833333333332
2024-02-08,Sungai_Watugede,195.96916666666667,71.28941666666667,101.3,WASPADA,SEDANG,27.72083333333333,74.2375
2024-02-09,Sungai_Bajulmati,183.82000000000002,64.65758333333333,84.5,WASPADA,SEDANG,27.462500000000002,74.6875
2024-02-09,Sungai_Kalibendo,209.79625,78.14645833333333,64.5,WASPADA,SEDANG,28.058333333333334,71.86666666666666
2024-02-09,Sungai_Setail,201.60583333333332,73.90183333333333,72.60000000000001,WASPADA,SEDANG,27.912499999999998,72.0625
2024-02-09,Sungai_Sukowidi,217.65625,82.39458333333333,102.8,WASPADA,SEDANG,27.770833333333332,74.85416666666667
2024-02-09,Sungai_Sumberagung,181.91208333333336,63.498916666666666,62.2,WASPADA,SEDANG,27.808333333333334,73.94166666666666
2024-02-09,Sungai_Watugede,208.6158333333333,77.71845833333333,99.1,WASPADA,SEDANG,27.77916666666667,74.0
2024-02-10,Sungai_Bajulmati,184.4645833333333,65.03783333333332,87.4,WASPADA,SEDANG,27.9375,73.97083333333333
2024-02-10,Sungai_Kalibendo,198.56041666666667,72.53745833333333,74.9,BANJIR,TINGGI,28.3,73.69166666666666
2024-02-10,Sungai_Setail,197.95375,72.52804166666667,120.3,BANJIR,TINGGI,27.754166666666666,76.95416666666667
2024-02-10,Sungai_Sukowidi,214.94041666666666,80.93754166666666,70.9,WASPADA,SEDANG,28.170833333333334,74.675
2024-02-10,Sungai_Sumberagung,182.85375,64.10320833333334,65.4,BANJIR,TINGGI,27.775000000000002,74.02916666666667
2024-02-10,Sungai_Watugede,199.35500000000002,73.07379166666666,98.6,BANJIR,TINGGI,27.995833333333334,74.27083333333333
2024-02-11,Sungai_Bajulmati,175.75208333333333,60.33829166666666,72.2,BANJIR,TINGGI,27.675,72.575
2024-02-11,Sungai_Kalibendo,199.43499999999997,72.97258333333333,157.8,BANJIR,TINGGI,27.920833333333334,75.62916666666666
2024-02-11,Sungai_Setail,196.13875,71.39325000000001,111.0,AMAN,RENDAH,27.766666666666666,75.45416666666667
2024-02-11,Sungai_Sukowidi,206.12541666666667,76.25229166666666,92.8,BANJIR,TINGGI,28.045833333333334,74.6375
2024-02-11,Sungai_Sumberagung,157.82708333333332,52.138125,118.2,WASPADA,SEDANG,27.804166666666664,74.12916666666666
2024-02-11,Sungai_Watugede,190.27916666666667,68.36133333333333,95.8,WASPADA,SEDANG,27.837500000000002,73.59166666666667
2024-02-12,Sungai_Bajulmati,180.92041666666668,63.597625,107.1,BANJIR,TINGGI,27.866666666666664,74.8625
2024-02-12,Sungai_Kalibendo,194.35916666666665,69.84162500000001,64.6,BANJIR,TINGGI,27.733333333333334,73.66666666666667
2024-02-12,Sungai_Setail,194.24958333333333,69.92720833333333,99.10000000000001,WASPADA,SEDANG,27.65416666666667,74.85000000000001
2024-02-12,Sungai_Sukowidi,220.18625,83.79533333333333,57.9,BANJIR,TINGGI,27.633333333333336,73.99166666666666
2024-02-12,Sungai_Sumberagung,180.07375000000002,62.728,84.9,BANJIR,TINGGI,27.379166666666666,74.63333333333334
2024-02-12,Sungai_Watugede,208.09458333333336,77.85191666666667,80.8,WASPADA,SEDANG,28.1875,74.03750000000001
2024-02-13,Sungai_Bajulmati,189.0666666666667,67.75675,89.7,WASPADA,SEDANG,27.724999999999998,73.16250000000001
2024-02-13,Sungai_Kalibendo,200.43666666666664,73.52145833333333,99.2,BANJIR,TINGGI,27.6375,73.75
2024-02-13,Sungai_Setail,186.07375,66.16616666666667,82.3,WASPADA,SEDANG,28.03333333333333,73.79583333333333
2024-02-13,Sungai_Sukowidi,221.08416666666668,84.47079166666667,84.9,BANJIR,TINGGI,28.075,75.11666666666666
2024-02-13,Sungai_Sumberagung,180.81833333333336,63.60870833333333,68.8,BANJIR,TINGGI,27.462500000000002,74.50833333333334
2024-02-13,Sungai_Watugede,200.31333333333336,73.09579166666667,82.4,BANJIR,TINGGI,27.46666666666667,74.72500000000001
2024-02-14,Sungai_Bajulmati,180.38166666666666,63.43520833333333,93.1,BANJIR,TINGGI,27.979166666666668,73.75833333333334
2024-02-14,Sungai_Kalibendo,221.4425,84.46091666666666,52.6,WASPADA,SEDANG,27.40416666666667,73.57083333333334
2024-02-14,Sungai_Setail,209.19625,77.64204166666667,75.6,BANJIR,TINGGI,27.879166666666666,72.925
2024-02-14,Sungai_Sukowidi,217.35375,82.53995833333333,90.8,WASPADA,SEDANG,27.916666666666668,74.6875
2024-02-14,Sungai_Sumberagung,169.93,57.749875,111.3,WASPADA,SEDANG,27.804166666666664,75.33749999999999
2024-02-14,Sungai_Watugede,199.635,72.76445833333334,74.5,BANJIR,TINGGI,28.1125,74.75833333333334
2024-02-15,Sungai_Bajulmati,191.20416666666665,68.82466666666666,87.7,AMAN,RENDAH,27.679166666666664,73.47916666666667
2024-02-15,Sungai_Kalibendo,210.01208333333332,78.31733333333334,90.0,AMAN,RENDAH,27.4875,73.75833333333334
2024-02-15,Sungai_Setail,202.85083333333333,74.40333333333334,47.5,BANJIR,TINGGI,28.191666666666666,71.6875
2024-02-15,Sungai_Sukowidi,218.12749999999997,82.71170833333333,79.4,BANJIR,TINGGI,27.833333333333332,73.35833333333333
2024-02-15,Sungai_Sumberagung,176.39166666666665,61.06520833333334,41.4,BANJIR,TINGGI,27.741666666666664,73.64166666666667
2024-02-15,Sungai_Watugede,198.22166666666666,72.06120833333334,91.9,BANJIR,TINGGI,27.5625,74.84583333333333
2024-02-16,Sungai_Bajulmati,171.77666666666667,58.99975,64.8,BANJIR,TINGGI,27.995833333333334,72.21249999999999
2024-02-16,Sungai_Kalibendo,210.20833333333334,78.56179166666666,71.60000000000001,BANJIR,TINGGI,27.7625,73.58333333333333
2024-02-16,Sungai_Setail,202.14874999999998,74.07441666666666,96.89999999999999,WASPADA,SEDANG,27.666666666666668,73.875
2024-02-16,Sungai_Sukowidi,211.12166666666667,79.628625,97.5,AMAN,RENDAH,27.59166666666667,74.31666666666666
2024-02-16,Sungai_Sumberagung,175.68666666666664,60.64008333333334,54.8,BANJIR,TINGGI,27.59166666666667,74.17083333333333
2024-02-16,Sungai_Watugede,190.3125,68.44275,96.6,WASPADA,SEDANG,27.90833333333333,73.53333333333333
2024-02-17,Sungai_Bajulmati,182.51250000000002,63.64691666666667,70.8,WASPADA,SEDANG,27.8625,74.95833333333333
2024-02-17,Sungai_Kalibendo,201.73625,73.75995833333333,68.0,BANJIR,TINGGI,27.741666666666664,72.75833333333334
2024-02-17,Sungai_Setail,184.58,65.10295833333333,77.2,BANJIR,TINGGI,27.741666666666664,72.80833333333334
2024-02-17,Sungai_Sukowidi,220.83541666666667,84.09558333333334,60.7,BANJIR,TINGGI,27.9875,75.39166666666667
2024-02-17,Sungai_Sumberagung,180.1575,63.16266666666667,103.6,BANJIR,TINGGI,28.233333333333334,73.6625
2024-02-17,Sungai_Watugede,200.20916666666668,73.06366666666666,65.2,BANJIR,TINGGI,27.833333333333332,73.96666666666667
2024-02-18,Sungai_Bajulmati,182.07333333333335,63.61808333333334,70.6,BANJIR,TINGGI,27.8875,73.87083333333334
2024-02-18,Sungai_Kalibendo,210.3575,78.66183333333333,100.1,BANJIR,TINGGI,27.3,73.90833333333333
2024-02-18,Sungai_Setail,203.48749999999998,74.86745833333333,37.1,BANJIR,TINGGI,27.8875,72.25
2024-02-18,Sungai_Sukowidi,206.74666666666667,76.648,116.1,BANJIR,TINGGI,28.15833333333333,76.8
2024-02-18,Sungai_Sumberagung,175.71124999999998,60.73345833333334,62.2,WASPADA,SEDANG,28.224999999999998,74.73333333333333
2024-02-18,Sungai_Watugede,188.78208333333336,67.16095833333334,104.60000000000001,BANJIR,TINGGI,27.633333333333336,74.39583333333333
2024-02-19,Sungai_Bajulmati,182.00666666666666,63.845875,73.0,BANJIR,TINGGI,27.916666666666668,74.625
2024-02-19,Sungai_Kalibendo,206.91416666666666,76.67695833333333,92.6,WASPADA,SEDANG,27.59583333333333,74.69583333333334
2024-02-19,Sungai_Setail,187.51250000000002,66.388875,72.0,WASPADA,SEDANG,27.979166666666668,74.575
2024-02-19,Sungai_Sukowidi,218.55583333333334,82.80845833333333,77.9,BANJIR,TINGGI,28.099999999999998,75.14583333333333
2024-02-19,Sungai_Sumberagung,175.955,61.27370833333333,81.2,WASPADA,SEDANG,27.5625,74.22916666666667
2024-02-19,Sungai_Watugede,192.44208333333333,69.08929166666667,66.8,BANJIR,TINGGI,27.833333333333332,72.0
2024-02-20,Sungai_Bajulmati,190.36416666666665,68.10408333333334,81.5,BANJIR,TINGGI,27.65416666666667,75.12916666666666
2024-02-20,Sungai_Kalibendo,201.09583333333333,73.39754166666667,98.2,BANJIR,TINGGI,27.633333333333336,74.93333333333334
2024-02-20,Sungai_Setail,186.63791666666665,66.29658333333333,94.4,BANJIR,TINGGI,27.829166666666666,72.62916666666666
2024-02-20,Sungai_Sukowidi,199.07708333333335,72.87166666666667,106.4,BANJIR,TINGGI,28.145833333333332,74.32916666666667
2024-02-20,Sungai_Sumberagung,178.76208333333332,62.04916666666667,82.4,WASPADA,SEDANG,27.837500000000002,73.91666666666667
2024-02-20,Sungai_Watugede,205.65374999999997,76.044625,72.9,WASPADA,SEDANG,27.791666666666668,73.0
2024-02-21,Sungai_Bajulmati,183.56583333333333,64.55129166666667,101.3,WASPADA,SEDANG,28.104166666666668,74.9875
2024-02-21,Sungai_Kalibendo,202.21083333333334,74.00104166666667,87.89999999999999,WASPADA,SEDANG,27.95,75.2
2024-02-21,Sungai_Setail,198.37791666666666,72.468375,103.2,BANJIR,TINGGI,28.0625,75.16250000000001
2024-02-21,Sungai_Sukowidi,208.98916666666665,77.91970833333333,102.2,BANJIR,TINGGI,28.03333333333333,75.71666666666667
2024-02-21,Sungai_Sumberagung,169.37083333333334,57.798375,91.1,AMAN,RENDAH,27.979166666666668,75.63333333333334
2024-02-21,Sungai_Watugede,198.64,72.54916666666666,108.7,BANJIR,TINGGI,27.962500000000002,73.675
2024-02-22,Sungai_Bajulmati,194.20291666666665,70.19658333333334,107.0,BANJIR,TINGGI,28.087500000000002,75.82083333333334
2024-02-22,Sungai_Kalibendo,198.7195833333333,72.496,121.0,BANJIR,TINGGI,27.829166666666666,72.4375
2024-02-22,Sungai_Setail,197.87833333333333,71.919125,64.3,BANJIR,TINGGI,27.40416666666667,72.57916666666667
2024-02-22,Sungai_Sukowidi,218.83666666666667,83.09516666666667,84.0,BANJIR,TINGGI,27.78333333333333,72.29166666666667
2024-02-22,Sungai_Sumberagung,162.91666666666666,55.371,95.8,WASPADA,SEDANG,27.666666666666668,74.56666666666666
2024-02-22,Sungai_Watugede,197.10458333333335,71.67491666666668,86.3,WASPADA,SEDANG,28.258333333333336,74.8
2024-02-23,Sungai_Bajulmati,193.00291666666666,69.17291666666667,32.2,WASPADA,SEDANG,28.141666666666666,73.7625
2024-02-23,Sungai_Kalibendo,194.31875,70.11225,67.0,WASPADA,SEDANG,28.145833333333332,71.9375
2024-02-23,Sungai_Setail,195.53833333333333,70.73204166666666,64.5,AMAN,RENDAH,27.545833333333334,74.96249999999999
2024-02-23,Sungai_Sukowidi,219.20041666666665,83.54054166666667,104.2,BANJIR,TINGGI,27.729166666666668,74.5125
2024-02-23,Sungai_Sumberagung,185.26125000000002,65.62895833333333,70.6,BANJIR,TINGGI,27.712500000000002,73.72916666666667
2024-02-23,Sungai_Watugede,206.18499999999997,76.24083333333333,60.2,BANJIR,TINGGI,27.641666666666666,76.53333333333333
2024-02-24,Sungai_Bajulmati,192.12125,69.36354166666666,54.9,AMAN,RENDAH,28.162499999999998,73.58749999999999
2024-02-24,Sungai_Kalibendo,204.50625,75.479,72.3,BANJIR,TINGGI,27.929166666666664,74.7
2024-02-24,Sungai_Setail,194.52583333333334,70.025625,85.4,BANJIR,TINGGI,27.916666666666668,74.69166666666666
2024-02-24,Sungai_Sukowidi,203.62458333333333,74.94308333333333,66.5,AMAN,RENDAH,27.691666666666666,74.1875
2024-02-24,Sungai_Sumberagung,177.5666666666667,61.44354166666667,143.7,WASPADA,SEDANG,27.541666666666668,76.5
2024-02-24,Sungai_Watugede,193.4525,70.154875,124.0,BANJIR,TINGGI,27.71666666666667,74.69166666666666
2024-02-25,Sungai_Bajulmati,166.8970833333333,56.796875,128.7,WASPADA,SEDANG,27.84166666666667,74.825
2024-02-25,Sungai_Kalibendo,183.7095833333333,64.9495,111.2,BANJIR,TINGGI,28.054166666666664,74.4875
2024-02-25,Sungai_Setail,197.34,71.982625,82.9,WASPADA,SEDANG,27.866666666666664,74.95
2024-02-25,Sungai_Sukowidi,214.00625,80.35291666666667,92.7,BANJIR,TINGGI,28.162499999999998,73.19583333333334
2024-02-25,Sungai_Sumberagung,178.04541666666668,61.919041666666665,110.0,WASPADA,SEDANG,27.587500000000002,75.46249999999999
2024-02-25,Sungai_Watugede,201.48583333333332,73.71012499999999,60.4,WASPADA,SEDANG,27.537499999999998,73.51666666666667
2024-02-26,Sungai_Bajulmati,187.10791666666668,66.88804166666667,98.6,WASPADA,SEDANG,27.570833333333336,73.27499999999999
2024-02-26,Sungai_Kalibendo,211.25958333333332,78.8155,56.0,BANJIR,TINGGI,27.75,73.89583333333333
2024-02-26,Sungai_Setail,188.69875000000002,67.8705,89.7,BANJIR,TINGGI,27.670833333333334,75.53333333333333
2024-02-26,Sungai_Sukowidi,213.51458333333335,80.080625,67.2,WASPADA,SEDANG,27.729166666666668,73.16666666666667
2024-02-26,Sungai_Sumberagung,185.87125,65.59629166666666,53.7,BANJIR,TINGGI,27.837500000000002,74.80416666666666
2024-02-26,Sungai_Watugede,195.51125000000002,70.442625,80.3,WASPADA,SEDANG,27.691666666666666,73.04583333333333
2024-02-27,Sungai_Bajulmati,182.07083333333333,63.75495833333334,81.4,WASPADA,SEDANG,28.045833333333334,73.62083333333334
2024-02-27,Sungai_Kalibendo,212.10416666666666,79.61616666666667,53.1,WASPADA,SEDANG,27.758333333333336,72.425
2024-02-27,Sungai_Setail,188.77916666666667,67.48179166666667,142.6,WASPADA,SEDANG,27.729166666666668,77.0125
2024-02-27,Sungai_Sukowidi,224.16083333333333,85.93679166666668,51.5,BANJIR,TINGGI,27.416666666666668,72.03750000000001
2024-02-27,Sungai_Sumberagung,175.29333333333332,60.500791666666665,75.9,BANJIR,TINGGI,27.516666666666666,74.91666666666667
2024-02-27,Sungai_Watugede,200.66583333333335,73.156375,72.1,WASPADA,SEDANG,27.45,73.57916666666667
2024-02-28,Sungai_Bajulmati,168.32416666666666,56.807125000000006,82.0,AMAN,RENDAH,27.745833333333334,73.375
2024-02-28,Sungai_Kalibendo,206.08624999999998,76.26591666666667,57.9,BANJIR,TINGGI,28.079166666666666,72.075
2024-02-28,Sungai_Setail,195.79625,70.81920833333334,71.89999999999999,WASPADA,SEDANG,27.433333333333334,74.02083333333333
2024-02-28,Sungai_Sukowidi,214.51333333333332,80.59204166666667,87.39999999999999,WASPADA,SEDANG,27.870833333333334,73.6375
2024-02-28,Sungai_Sumberagung,176.94541666666666,61.814375000000005,108.6,AMAN,RENDAH,27.891666666666666,75.30416666666666
2024-02-28,Sungai_Watugede,205.50333333333333,75.82929166666666,93.9,BANJIR,TINGGI,27.825,73.92916666666666
2024-02-29,Sungai_Bajulmati,168.32375,57.409083333333335,58.599999999999994,WASPADA,SEDANG,27.912499999999998,74.9875
2024-02-29,Sungai_Kalibendo,198.015,72.31179166666666,36.2,WASPADA,SEDANG,27.516666666666666,74.80833333333334
2024-02-29,Sungai_Setail,179.90583333333333,62.51470833333334,88.0,BANJIR,TINGGI,27.691666666666666,75.17916666666666
2024-02-29,Sungai_Sukowidi,217.14666666666668,82.047125,83.0,BANJIR,TINGGI,27.3875,73.66250000000001
2024-02-29,Sungai_Sumberagung,171.70749999999998,58.833666666666666,89.5,WASPADA,SEDANG,28.224999999999998,75.84583333333333
2024-02-29,Sungai_Watugede,206.03666666666666,76.15391666666666,124.0,BANJIR,TINGGI,27.625,74.83333333333333
2024-03-01,Sungai_Bajulmati,167.67875,57.324000000000005,93.1,BANJIR,TINGGI,28.108333333333334,75.14166666666667
2024-03-01,Sungai_Kalibendo,193.65583333333333,69.504625,99.0,WASPADA,SEDANG,27.979166666666668,75.82083333333334
2024-03-01,Sungai_Setail,193.50041666666667,70.05116666666667,75.7,WASPADA,SEDANG,27.945833333333336,75.02083333333333
2024-03-01,Sungai_Sukowidi,212.78333333333333,79.87608333333334,70.4,BANJIR,TINGGI,27.666666666666668,73.77083333333333
2024-03-01,Sungai_Sumberagung,179.51958333333334,62.43816666666667,75.0,WASPADA,SEDANG,27.9875,74.74166666666666
2024-03-01,Sungai_Watugede,199.5525,73.196,105.4,WASPADA,SEDANG,27.625,75.97916666666667
2024-03-02,Sungai_Bajulmati,191.85583333333332,68.57000000000001,62.699999999999996,WASPADA,SEDANG,27.704166666666666,74.5625
2024-03-02,Sungai_Kalibendo,199.98208333333332,73.51608333333333,74.6,WASPADA,SEDANG,27.6375,75.64999999999999
2024-03-02,Sungai_Setail,202.29958333333332,74.350375,102.7,WASPADA,SEDANG,28.400000000000002,74.33333333333333
2024-03-02,Sungai_Sukowidi,220.01166666666666,83.72995833333333,66.4,BANJIR,TINGGI,28.016666666666666,74.18333333333334
2024-03-02,Sungai_Sumberagung,183.81375,64.91566666666667,61.0,BANJIR,TINGGI,28.133333333333336,73.88333333333334
2024-03-02,Sungai_Watugede,200.87,73.254375,69.0,WASPADA,SEDANG,28.170833333333334,73.1125
2024-03-03,Sungai_Bajulmati,184.23291666666668,65.141875,89.1,WASPADA,SEDANG,27.65416666666667,72.53333333333333
2024-03-03,Sungai_Kalibendo,196.55041666666668,71.09270833333333,108.4,WASPADA,SEDANG,27.90833333333333,75.78750000000001
2024-03-03,Sungai_Setail,190.52083333333334,68.03866666666666,72.9,BANJIR,TINGGI,27.52916666666667,73.97083333333333
2024-03-03,Sungai_Sukowidi,217.47625000000002,82.57258333333333,104.2,WASPADA,SEDANG,27.71666666666667,75.74166666666666
2024-03-03,Sungai_Sumberagung,173.70208333333335,59.92075,65.4,AMAN,RENDAH,27.849999999999998,74.5125
2024-03-03,Sungai_Watugede,190.10708333333332,68.46283333333334,86.0,BANJIR,TINGGI,27.84583333333333,74.85833333333333
2024-03-04,Sungai_Bajulmati,191.015,68.75370833333334,100.2,BANJIR,TINGGI,28.179166666666664,75.32916666666667
2024-03-04,Sungai_Kalibendo,193.80291666666668,70.86691666666667,102.3,BANJIR,TINGGI,27.745833333333334,74.84583333333333
2024-03-04,Sungai_Setail,191.52791666666667,68.779625,129.79999999999998,BANJIR,TINGGI,28.004166666666666,74.89999999999999
2024-03-04,Sungai_Sukowidi,210.89874999999998,79.228,71.1,AMAN,RENDAH,27.691666666666666,73.57083333333334
2024-03-04,Sungai_Sumberagung,171.80208333333334,59.11279166666666,84.7,AMAN,RENDAH,27.833333333333332,74.27499999999999
2024-03-04,Sungai_Watugede,191.84666666666666,68.840125,101.9,BANJIR,TINGGI,27.974999999999998,76.41666666666667
2024-03-05,Sungai_Bajulmati,192.4283333333333,69.371375,69.2,BANJIR,TINGGI,28.191666666666666,74.14999999999999
2024-03-05,Sungai_Kalibendo,197.54541666666668,71.94583333333334,125.2,BANJIR,TINGGI,27.8,75.72083333333333
2024-03-05,Sungai_Setail,176.37208333333334,61.50725,121.9,AMAN,RENDAH,28.09166666666667,75.75833333333334
2024-03-05,Sungai_Sukowidi,210.5675,78.49170833333334,55.2,BANJIR,TINGGI,27.875,72.99166666666666
2024-03-05,Sungai_Sumberagung,174.38250000000002,59.837041666666664,45.0,WASPADA,SEDANG,27.829166666666666,72.9875
2024-03-05,Sungai_Watugede,192.17499999999998,68.74520833333334,62.9,WASPADA,SEDANG,27.941666666666666,74.28333333333333
2024-03-06,Sungai_Bajulmati,169.4075,57.58841666666667,71.1,WASPADA,SEDANG,27.86666666666667,74.14166666666667
2024-03-06,Sungai_Kalibendo,200.96875,73.74404166666666,102.2,AMAN,RENDAH,27.808333333333334,74.97916666666667
2024-03-06,Sungai_Setail,199.90458333333333,73.31445833333333,51.6,BANJIR,TINGGI,27.84583333333333,73.38333333333334
2024-03-06,Sungai_Sukowidi,205.19500000000002,75.746375,79.30000000000001,WASPADA,SEDANG,28.045833333333334,73.25833333333334
2024-03-06,Sungai_Sumberagung,164.105,55.57333333333333,70.2,AMAN,RENDAH,27.837500000000002,74.04583333333333
2024-03-06,Sungai_Watugede,203.56500000000003,74.79245833333333,69.39999999999999,WASPADA,SEDANG,28.400000000000002,74.79583333333333
2024-03-07,Sungai_Bajulmati,187.54999999999998,66.467375,50.8,WASPADA,SEDANG,28.058333333333334,72.58749999999999
2024-03-07,Sungai_Kalibendo,197.34625000000003,71.91829166666666,62.099999999999994,WASPADA,SEDANG,28.291666666666668,73.69583333333334
2024-03-07,Sungai_Setail,195.38291666666666,70.5825,106.7,WASPADA,SEDANG,27.662499999999998,74.8125
2024-03-07,Sungai_Sukowidi,214.43708333333333,80.6415,69.5,BANJIR,TINGGI,27.683333333333334,72.85000000000001
2024-03-07,Sungai_Sumberagung,170.99208333333334,59.016,115.1,BANJIR,TINGGI,27.829166666666666,73.8875
2024-03-07,Sungai_Watugede,201.77374999999998,73.95441666666666,94.8,WASPADA,SEDANG,28.204166666666666,76.75
2024-03-08,Sungai_Bajulmati,172.53583333333333,59.93275,153.6,WASPADA,SEDANG,27.4375,75.89166666666667
2024-03-08,Sungai_Kalibendo,190.60166666666666,68.053875,123.7,BANJIR,TINGGI,27.879166666666666,76.17916666666666
2024-03-08,Sungai_Setail,195.1341666666667,70.72304166666667,95.89999999999999,BANJIR,TINGGI,28.037499999999998,74.42083333333333
2024-03-08,Sungai_Sukowidi,199.03791666666666,72.37729166666666,91.7,BANJIR,TINGGI,27.8,74.26666666666667
2024-03-08,Sungai_Sumberagung,167.80458333333334,57.55258333333333,84.60000000000001,WASPADA,SEDANG,28.0125,74.8
2024-03-08,Sungai_Watugede,212.71833333333333,79.831875,72.9,WASPADA,SEDANG,27.4375,73.26666666666667
2024-03-09,Sungai_Bajulmati,191.34,68.57358333333333,55.9,BANJIR,TINGGI,28.150000000000002,72.67083333333333
2024-03-09,Sungai_Kalibendo,206.77666666666667,76.72095833333333,95.3,WASPADA,SEDANG,27.641666666666666,74.8625
2024-03-09,Sungai_Setail,186.47125000000003,66.33833333333332,66.0,AMAN,RENDAH,28.079166666666666,73.71666666666667
2024-03-09,Sungai_Sukowidi,215.86125,81.77504166666667,108.2,WASPADA,SEDANG,28.058333333333334,72.44583333333334
2024-03-09,Sungai_Sumberagung,178.09416666666667,63.12204166666667,132.8,BANJIR,TINGGI,27.604166666666668,74.3125
2024-03-09,Sungai_Watugede,213.045,80.16129166666667,110.6,BANJIR,TINGGI,28.258333333333336,73.10833333333333
2024-03-10,Sungai_Bajulmati,185.87291666666667,65.6035,90.6,WASPADA,SEDANG,27.979166666666668,75.42916666666666
2024-03-10,Sungai_Kalibendo,204.5175,76.083125,113.1,BANJIR,TINGGI,27.608333333333334,74.32916666666667
2024-03-10,Sungai_Setail,201.38791666666668,73.76899999999999,92.1,BANJIR,TINGGI,28.008333333333336,74.325
2024-03-10,Sungai_Sukowidi,207.1975,76.727125,98.9,BANJIR,TINGGI,27.933333333333334,74.02499999999999
2024-03-10,Sungai_Sumberagung,164.49375,55.36754166666666,85.7,WASPADA,SEDANG,28.1125,74.3875
2024-03-10,Sungai_Watugede,213.85416666666666,80.27570833333333,72.0,BANJIR,TINGGI,27.804166666666664,73.98333333333333
2024-03-11,Sungai_Bajulmati,181.79333333333332,64.23583333333333,65.1,BANJIR,TINGGI,28.116666666666664,75.0625
2024-03-11,Sungai_Kalibendo,209.76541666666665,78.24083333333333,92.0,WASPADA,SEDANG,27.349999999999998,75.24583333333334
2024-03-11,Sungai_Setail,186.59333333333333,66.890125,79.0,BANJIR,TINGGI,28.004166666666666,73.78333333333333
2024-03-11,Sungai_Sukowidi,209.81583333333333,78.42425,73.3,BANJIR,TINGGI,27.46666666666667,75.7625
2024-03-11,Sungai_Sumberagung,175.42166666666665,60.436416666666666,57.1,BANJIR,TINGGI,28.258333333333336,73.72083333333333
2024-03-11,Sungai_Watugede,193.28916666666666,69.24083333333333,117.5,WASPADA,SEDANG,27.675,75.45833333333333
2024-03-12,Sungai_Bajulmati,186.66666666666666,66.92583333333333,108.89999999999999,BANJIR,TINGGI,28.1125,75.09583333333333
2024-03-12,Sungai_Kalibendo,196.87958333333333,71.59745833333334,116.1,BANJIR,TINGGI,27.808333333333334,76.22916666666667
2024-03-12,Sungai_Setail,196.56166666666664,71.1995,71.10000000000001,WASPADA,SEDANG,27.454166666666666,74.17916666666666
2024-03-12,Sungai_Sukowidi,217.47125000000003,82.5565,85.3,BANJIR,TINGGI,27.729166666666668,73.09166666666667
2024-03-12,Sungai_Sumberagung,174.20708333333334,59.605041666666665,66.8,BANJIR,TINGGI,27.816666666666666,74.02083333333333
2024-03-12,Sungai_Watugede,200.86125,73.31595833333334,48.4,AMAN,RENDAH,27.808333333333334,73.98333333333333
2024-03-13,Sungai_Bajulmati,168.19291666666666,57.39066666666667,84.1,AMAN,RENDAH,27.791666666666668,74.34166666666667
2024-03-13,Sungai_Kalibendo,207.0041666666667,77.24679166666667,100.9,BANJIR,TINGGI,27.912499999999998,75.39999999999999
2024-03-13,Sungai_Setail,194.98083333333332,70.70329166666666,123.39999999999999,BANJIR,TINGGI,28.09166666666667,74.90833333333333
2024-03-13,Sungai_Sukowidi,222.15541666666664,84.87391666666666,68.4,BANJIR,TINGGI,27.895833333333332,75.13333333333334
2024-03-13,Sungai_Sumberagung,169.1575,57.69083333333333,71.2,WASPADA,SEDANG,27.866666666666664,74.11666666666666
2024-03-13,Sungai_Watugede,201.37375,73.53541666666666,80.7,WASPADA,SEDANG,27.645833333333332,74.97916666666667
2024-03-14,Sungai_Bajulmati,195.3025,70.882625,71.7,BANJIR,TINGGI,27.53333333333333,74.3
2024-03-14,Sungai_Kalibendo,195.66875000000002,70.76954166666667,107.4,BANJIR,TINGGI,27.8125,75.53333333333333
2024-03-14,Sungai_Setail,201.71166666666667,73.84945833333333,87.1,BANJIR,TINGGI,27.895833333333332,73.05416666666666
2024-03-14,Sungai_Sukowidi,218.06083333333333,83.012,77.60000000000001,BANJIR,TINGGI,28.0625,73.175
2024-03-14,Sungai_Sumberagung,146.33,46.25829166666667,122.8,AMAN,RENDAH,27.375,74.68333333333334
2024-03-14,Sungai_Watugede,197.4325,72.20754166666667,92.3,WASPADA,SEDANG,27.837500000000002,75.52916666666667
2024-03-15,Sungai_Bajulmati,180.95875,63.04895833333333,97.3,WASPADA,SEDANG,28.108333333333334,74.77499999999999
2024-03-15,Sungai_Kalibendo,209.38750000000002,77.88433333333333,54.0,WASPADA,SEDANG,28.145833333333332,73.30416666666666
2024-03-15,Sungai_Setail,196.81916666666666,71.75654166666666,92.7,BANJIR,TINGGI,27.8,73.51666666666667
2024-03-15,Sungai_Sukowidi,209.0675,77.854375,123.10000000000001,BANJIR,TINGGI,27.520833333333332,74.64583333333333
2024-03-15,Sungai_Sumberagung,171.6825,58.80254166666666,86.7,AMAN,RENDAH,27.633333333333336,73.80833333333334
2024-03-15,Sungai_Watugede,198.04083333333332,71.92745833333333,112.1,BANJIR,TINGGI,27.920833333333334,75.1875
2024-03-16,Sungai_Bajulmati,181.04,63.430125000000004,106.5,WASPADA,SEDANG,27.870833333333334,74.67916666666666
2024-03-16,Sungai_Kalibendo,202.69416666666666,74.75066666666667,101.3,WASPADA,SEDANG,27.554166666666664,74.64583333333333
2024-03-16,Sungai_Setail,184.85333333333335,65.19358333333334,106.8,WASPADA,SEDANG,27.770833333333332,75.99583333333334
2024-03-16,Sungai_Sukowidi,216.0475,81.43391666666666,75.0,BANJIR,TINGGI,28.108333333333334,74.56666666666668
2024-03-16,Sungai_Sumberagung,161.67083333333332,53.75279166666667,89.2,BANJIR,TINGGI,27.974999999999998,74.69583333333334
2024-03-16,Sungai_Watugede,200.84916666666666,73.21320833333333,78.9,WASPADA,SEDANG,27.9875,74.4875
2024-03-17,Sungai_Bajulmati,180.92958333333334,62.777875,81.4,BANJIR,TINGGI,27.479166666666668,73.95
2024-03-17,Sungai_Kalibendo,205.74875,76.12879166666667,72.8,WASPADA,SEDANG,27.541666666666668,74.83749999999999
2024-03-17,Sungai_Setail,197.76125,72.63566666666667,105.5,BANJIR,TINGGI,27.633333333333336,74.95833333333333
2024-03-17,Sungai_Sukowidi,209.29583333333335,78.17579166666667,104.4,BANJIR,TINGGI,27.90833333333333,75.325
2024-03-17,Sungai_Sumberagung,161.44458333333333,53.25929166666666,47.199999999999996,WASPADA,SEDANG,27.7625,74.16666666666667
2024-03-17,Sungai_Watugede,206.2279166666667,76.969375,80.2,BANJIR,TINGGI,27.758333333333336,74.3625
2024-03-18,Sungai_Bajulmati,177.01333333333332,61.61666666666667,94.3,AMAN,RENDAH,28.1125,75.78750000000001
2024-03-18,Sungai_Kalibendo,199.93375,72.98075,83.6,BANJIR,TINGGI,27.95,73.12916666666666
2024-03-18,Sungai_Setail,187.07208333333332,66.13945833333334,85.2,BANJIR,TINGGI,27.808333333333334,73.52083333333333
2024-03-18,Sungai_Sukowidi,218.1341666666667,82.64391666666667,74.3,BANJIR,TINGGI,27.670833333333334,72.89583333333333
2024-03-18,Sungai_Sumberagung,172.5975,59.09470833333333,80.7,WASPADA,SEDANG,28.175,74.37083333333334
2024-03-18,Sungai_Watugede,204.16708333333335,75.11183333333334,54.0,WASPADA,SEDANG,27.825,73.42916666666666
2024-03-19,Sungai_Bajulmati,183.22916666666666,64.350375,84.4,AMAN,RENDAH,27.9375,75.55416666666666
2024-03-19,Sungai_Kalibendo,208.1016666666667,77.596125,75.9,AMAN,RENDAH,27.587500000000002,72.5625
2024-03-19,Sungai_Setail,197.97958333333335,72.45375,93.4,BANJIR,TINGGI,27.820833333333336,74.9875
2024-03-19,Sungai_Sukowidi,224.91583333333332,86.41975000000001,71.2,WASPADA,SEDANG,27.304166666666664,72.58749999999999
2024-03-19,Sungai_Sumberagung,175.58333333333334,61.074125,71.1,BANJIR,TINGGI,28.270833333333332,73.97500000000001
2024-03-19,Sungai_Watugede,200.23041666666666,73.27858333333333,96.8,WASPADA,SEDANG,27.8,74.69583333333334
2024-03-20,Sungai_Bajulmati,189.30666666666664,67.32616666666667,68.5,WASPADA,SEDANG,28.070833333333336,74.5125
2024-03-20,Sungai_Kalibendo,207.52541666666664,77.04833333333333,57.7,BANJIR,TINGGI,27.90416666666667,73.6375
2024-03-20,Sungai_Setail,193.64625,69.85391666666666,84.3,BANJIR,TINGGI,27.745833333333334,74.7625
2024-03-20,Sungai_Sukowidi,210.485,78.477125,58.3,BANJIR,TINGGI,27.724999999999998,73.925
2024-03-20,Sungai_Sumberagung,182.40708333333336,64.68283333333333,74.5,WASPADA,SEDANG,27.666666666666668,74.39583333333333
2024-03-20,Sungai_Watugede,194.18083333333334,69.84929166666667,74.3,BANJIR,TINGGI,27.9375,75.15833333333333
2024-03-21,Sungai_Bajulmati,190.09375,68.22058333333332,54.3,WASPADA,SEDANG,27.808333333333334,71.49583333333334
2024-03-21,Sungai_Kalibendo,206.15083333333334,76.53870833333333,100.4,BANJIR,TINGGI,27.59166666666667,74.67916666666666
2024-03-21,Sungai_Setail,200.85625000000002,73.59829166666667,91.0,WASPADA,SEDANG,28.195833333333336,75.23333333333333
2024-03-21,Sungai_Sukowidi,214.55375,80.99725,108.7,BANJIR,TINGGI,27.395833333333332,75.74583333333334
2024-03-21,Sungai_Sumberagung,166.25958333333332,56.38104166666667,108.9,WASPADA,SEDANG,27.795833333333334,74.44166666666666
2024-03-21,Sungai_Watugede,203.29375000000002,74.73587500000001,63.4,BANJIR,TINGGI,27.962500000000002,75.12083333333334
2024-03-22,Sungai_Bajulmati,190.80791666666667,68.273375,118.9,WASPADA,SEDANG,27.816666666666666,77.02916666666667
2024-03-22,Sungai_Kalibendo,205.76416666666668,76.03541666666666,91.3,AMAN,RENDAH,28.329166666666666,73.30833333333334
2024-03-22,Sungai_Setail,192.43416666666667,69.245,57.8,WASPADA,SEDANG,27.704166666666666,72.5125
2024-03-22,Sungai_Sukowidi,211.05999999999997,78.72070833333333,83.8,BANJIR,TINGGI,27.641666666666666,73.88333333333334
2024-03-22,Sungai_Sumberagung,158.55041666666668,51.82183333333333,118.1,AMAN,RENDAH,28.087500000000002,75.54583333333333
2024-03-22,Sungai_Watugede,203.22916666666666,75.08445833333333,90.8,AMAN,RENDAH,27.8875,74.18333333333334
2024-03-23,Sungai_Bajulmati,177.91,62.61804166666667,76.4,BANJIR,TINGGI,28.287499999999998,74.80416666666666
2024-03-23,Sungai_Kalibendo,198.54791666666665,72.24529166666666,76.2,BANJIR,TINGGI,27.679166666666664,72.925
2024-03-23,Sungai_Setail,193.61041666666665,69.615,68.5,BANJIR,TINGGI,27.72083333333333,74.62083333333334
2024-03-23,Sungai_Sukowidi,214.3083333333333,80.90575,105.3,BANJIR,TINGGI,27.5,75.15416666666667
2024-03-23,Sungai_Sumberagung,177.26083333333335,61.77425,88.8,WASPADA,SEDANG,27.8875,73.78333333333333
2024-03-23,Sungai_Watugede,178.88791666666668,62.83983333333333,107.5,WASPADA,SEDANG,28.104166666666668,75.55833333333334
2024-03-24,Sungai_Bajulmati,182.345,64.2845,85.0,AMAN,RENDAH,27.525000000000002,73.34166666666667
2024-03-24,Sungai_Kalibendo,188.87708333333333,67.29920833333334,119.8,WASPADA,SEDANG,28.020833333333332,75.4875
2024-03-24,Sungai_Setail,187.98541666666665,66.61779166666666,83.3,WASPADA,SEDANG,27.78333333333333,72.64166666666667
2024-03-24,Sungai_Sukowidi,214.27791666666667,80.82549999999999,64.5,WASPADA,SEDANG,27.78333333333333,72.63333333333334
2024-03-24,Sungai_Sumberagung,168.00958333333332,57.15795833333333,91.5,BANJIR,TINGGI,28.083333333333332,74.875
2024-03-24,Sungai_Watugede,196.80208333333334,70.98854166666666,36.6,BANJIR,TINGGI,27.925,73.16250000000001
2024-03-25,Sungai_Bajulmati,174.74375,60.595124999999996,99.5,BANJIR,TINGGI,27.545833333333334,74.4875
2024-03-25,Sungai_Kalibendo,198.33875,72.45408333333333,93.5,BANJIR,TINGGI,27.991666666666664,73.66666666666667
2024-03-25,Sungai_Setail,200.85458333333335,73.34474999999999,59.300000000000004,WASPADA,SEDANG,28.004166666666666,73.75
2024-03-25,Sungai_Sukowidi,215.88666666666666,81.527125,80.5,WASPADA,SEDANG,27.65416666666667,74.08333333333333
2024-03-25,Sungai_Sumberagung,157.06666666666666,52.03275,91.7,WASPADA,SEDANG,27.7375,74.10416666666667
2024-03-25,Sungai_Watugede,197.64458333333334,71.55445833333333,55.4,WASPADA,SEDANG,27.891666666666666,73.74583333333334
2024-03-26,Sungai_Bajulmati,184.72875,65.22508333333333,119.4,WASPADA,SEDANG,27.84583333333333,74.5625
2024-03-26,Sungai_Kalibendo,198.50333333333333,72.58433333333333,93.1,WASPADA,SEDANG,27.508333333333336,75.97916666666667
2024-03-26,Sungai_Setail,192.60416666666666,69.02787500000001,50.0,BANJIR,TINGGI,27.787499999999998,71.95
2024-03-26,Sungai_Sukowidi,219.70666666666668,83.48491666666666,57.7,BANJIR,TINGGI,27.758333333333336,72.3
2024-03-26,Sungai_Sumberagung,176.02833333333334,60.96175,77.9,BANJIR,TINGGI,27.787499999999998,73.73333333333333
2024-03-26,Sungai_Watugede,198.45666666666668,72.12474999999999,88.6,AMAN,RENDAH,27.766666666666666,74.60000000000001
2024-03-27,Sungai_Bajulmati,175.26916666666668,60.57658333333333,82.2,AMAN,RENDAH,27.962500000000002,74.99583333333334
2024-03-27,Sungai_Kalibendo,219.45749999999998,83.51270833333334,63.1,BANJIR,TINGGI,27.991666666666664,74.99583333333334
2024-03-27,Sungai_Setail,206.04791666666665,76.20825,50.5,BANJIR,TINGGI,27.670833333333334,73.2
2024-03-27,Sungai_Sukowidi,214.68791666666667,80.70420833333334,54.1,BANJIR,TINGGI,27.758333333333336,73.59166666666667
2024-03-27,Sungai_Sumberagung,182.89541666666665,64.452,82.4,WASPADA,SEDANG,28.004166666666666,74.05
2024-03-27,Sungai_Watugede,196.45666666666668,71.256875,100.4,BANJIR,TINGGI,27.941666666666666,74.47500000000001
2024-03-28,Sungai_Bajulmati,187.61791666666667,66.938125,40.699999999999996,AMAN,RENDAH,27.920833333333334,73.42916666666666
2024-03-28,Sungai_Kalibendo,194.2904166666667,70.14483333333332,106.9,BANJIR,TINGGI,27.78333333333333,74.57916666666667
2024-03-28,Sungai_Setail,197.83583333333334,71.66154166666666,89.5,BANJIR,TINGGI,28.337500000000002,73.79166666666667
2024-03-28,Sungai_Sukowidi,208.165,77.47520833333333,83.1,BANJIR,TINGGI,27.84583333333333,74.35416666666667
2024-03-28,Sungai_Sumberagung,171.21583333333334,58.88783333333333,73.4,WASPADA,SEDANG,27.849999999999998,73.45833333333333
2024-03-28,Sungai_Watugede,203.78208333333336,74.92991666666667,84.9,BANJIR,TINGGI,27.995833333333334,73.49583333333334
2024-03-29,Sungai_Bajulmati,190.49125,68.12283333333333,64.6,AMAN,RENDAH,27.883333333333336,73.18333333333334
2024-03-29,Sungai_Kalibendo,207.41958333333332,77.07541666666667,93.1,WASPADA,SEDANG,28.004166666666666,73.25416666666666
2024-03-29,Sungai_Setail,197.92999999999998,72.31541666666666,102.1,WASPADA,SEDANG,27.97083333333333,73.7
2024-03-29,Sungai_Sukowidi,209.26458333333335,78.39629166666667,104.9,AMAN,RENDAH,27.566666666666666,74.97916666666667
2024-03-29,Sungai_Sumberagung,177.88,61.79683333333333,92.5,WASPADA,SEDANG,27.72083333333333,73.1375
2024-03-29,Sungai_Watugede,191.82000000000002,69.47658333333334,147.6,AMAN,RENDAH,27.829166666666666,74.45833333333333
2024-03-30,Sungai_Bajulmati,187.69208333333333,67.130625,71.5,BANJIR,TINGGI,27.641666666666666,74.23333333333333
2024-03-30,Sungai_Kalibendo,212.39,79.59466666666667,78.1,BANJIR,TINGGI,27.566666666666666,73.51666666666667
2024-03-30,Sungai_Setail,200.14541666666665,73.14562500000001,82.1,WASPADA,SEDANG,27.633333333333336,73.10416666666667
2024-03-30,Sungai_Sukowidi,217.8479166666667,82.83383333333333,94.8,BANJIR,TINGGI,27.712500000000002,76.25416666666666
2024-03-30,Sungai_Sumberagung,183.96708333333333,65.66383333333333,80.3,WASPADA,SEDANG,27.96666666666667,72.46249999999999
2024-03-30,Sungai_Watugede,198.38625000000002,72.16483333333333,86.1,WASPADA,SEDANG,27.787499999999998,73.89583333333333
